{
  "bars": 2000,
  "trades": 8,
  "total_return": 0.05375450671045012,
  "sharpe": 1.410624848587962,
  "max_drawdown": -0.06940709437828152,
  "fee_bps": 10.0,
  "slippage_bps": 5.0
}