{
  "bars": 4000,
  "trades": 2,
  "total_return": 0.0210857136647864,
  "sharpe": 2.9160012330996445,
  "max_drawdown": -0.004963152353737343,
  "fee_bps": 10.0,
  "slippage_bps": 5.0
}