{
  "bars": 4000,
  "trades": 8,
  "total_return": 0.13513961160198296,
  "sharpe": 3.4033062245100507,
  "max_drawdown": -0.03803090589432767,
  "fee_bps": 10.0,
  "slippage_bps": 5.0
}