{
  "bars": 4000,
  "trades": 10,
  "total_return": 0.12033122136494145,
  "sharpe": 2.787258831715883,
  "max_drawdown": -0.03803090589432756,
  "fee_bps": 10.0,
  "slippage_bps": 5.0
}