{
  "bars": 2000,
  "trades": 4,
  "total_return": -0.03543348120845369,
  "sharpe": -1.9467275622059623,
  "max_drawdown": -0.05623824815882961,
  "fee_bps": 10.0,
  "slippage_bps": 5.0
}