{
  "bars": 2000,
  "trades": 2,
  "total_return": 0.00039035919540242325,
  "sharpe": 0.06101584381285478,
  "max_drawdown": -0.012752757352941235,
  "fee_bps": 5.0,
  "slippage_bps": 0.0
}