{
  "bars": 4000,
  "trades": 10,
  "total_return": -0.002485288296004695,
  "sharpe": -0.013982614402210219,
  "max_drawdown": -0.08180477590438662,
  "fee_bps": 5.0,
  "slippage_bps": 0.0
}