{
  "bars": 2000,
  "trades": 6,
  "total_return": 0.11386614080715707,
  "sharpe": 1.6095970517697278,
  "max_drawdown": -0.07781212202660936,
  "fee_bps": 10.0,
  "slippage_bps": 5.0
}