{
  "bars": 4000,
  "trades": 8,
  "total_return": -0.07691466607162512,
  "sharpe": -1.5483327325145517,
  "max_drawdown": -0.14520030279000562,
  "fee_bps": 10.0,
  "slippage_bps": 5.0
}