{
  "bars": 2000,
  "trades": 4,
  "total_return": -0.02230823762510592,
  "sharpe": -0.8551329720899544,
  "max_drawdown": -0.053902903379343114,
  "fee_bps": 10.0,
  "slippage_bps": 5.0
}