{
  "bars": 2000,
  "trades": 12,
  "total_return": 0.22307016686924408,
  "sharpe": 4.896802793011876,
  "max_drawdown": -0.04008147959503261,
  "fee_bps": 5.0,
  "slippage_bps": 0.0
}