{
  "bars": 2000,
  "trades": 4,
  "total_return": -0.08873411543687593,
  "sharpe": -2.5729264980132984,
  "max_drawdown": -0.13695634286192904,
  "fee_bps": 5.0,
  "slippage_bps": 0.0
}