{
  "bars": 2000,
  "trades": 2,
  "total_return": -0.011939172271891563,
  "sharpe": -0.6549816946302813,
  "max_drawdown": -0.04023226876814601,
  "fee_bps": 5.0,
  "slippage_bps": 0.0
}