{
  "bars": 2000,
  "trades": 2,
  "total_return": 0.02178215588914556,
  "sharpe": 0.7838696165584307,
  "max_drawdown": -0.03482583810302531,
  "fee_bps": 5.0,
  "slippage_bps": 0.0
}