{
  "bars": 2000,
  "trades": 6,
  "total_return": 0.054571707630036714,
  "sharpe": 1.569378320678475,
  "max_drawdown": -0.06817405188670023,
  "fee_bps": 10.0,
  "slippage_bps": 5.0
}