{
  "bars": 2000,
  "trades": 10,
  "total_return": -0.018966488821143046,
  "sharpe": -0.016814755495271644,
  "max_drawdown": -0.20101097273201218,
  "fee_bps": 5.0,
  "slippage_bps": 0.0
}