{
  "bars": 4000,
  "trades": 2,
  "total_return": -0.00902092603895488,
  "sharpe": -1.5113232449788,
  "max_drawdown": -0.0209529732786794,
  "fee_bps": 5.0,
  "slippage_bps": 0.0
}