{
  "bars": 4000,
  "trades": 8,
  "total_return": 0.1566339318475667,
  "sharpe": 3.662154003015103,
  "max_drawdown": -0.031496426100991015,
  "fee_bps": 5.0,
  "slippage_bps": 0.0
}