{
  "bars": 2000,
  "trades": 8,
  "total_return": -0.002099138387639865,
  "sharpe": 0.16095690442127247,
  "max_drawdown": -0.20223595903327451,
  "fee_bps": 10.0,
  "slippage_bps": 5.0
}