{
  "bars": 2000,
  "trades": 6,
  "total_return": 0.13738938939888823,
  "sharpe": 4.3283048145720215,
  "max_drawdown": -0.02055520571534364,
  "fee_bps": 10.0,
  "slippage_bps": 5.0
}