{
  "bars": 2000,
  "trades": 8,
  "total_return": 0.003925858377404445,
  "sharpe": 0.2308686855319534,
  "max_drawdown": -0.20101097273201207,
  "fee_bps": 5.0,
  "slippage_bps": 0.0
}