{
  "bars": 2000,
  "trades": 8,
  "total_return": 0.06769018539023652,
  "sharpe": 1.7305170868503768,
  "max_drawdown": -0.06940709437828152,
  "fee_bps": 10.0,
  "slippage_bps": 5.0
}