{
  "bars": 2000,
  "trades": 2,
  "total_return": -0.0029156532002004854,
  "sharpe": -0.13845580032364263,
  "max_drawdown": -0.04023226876814601,
  "fee_bps": 5.0,
  "slippage_bps": 0.0
}