{
  "bars": 2000,
  "trades": 4,
  "total_return": -0.047454395406795524,
  "sharpe": -1.3496304339639718,
  "max_drawdown": -0.05893125706586322,
  "fee_bps": 10.0,
  "slippage_bps": 5.0
}