{
  "bars": 4000,
  "trades": 8,
  "total_return": -0.02971384878953509,
  "sharpe": -1.0071474719878861,
  "max_drawdown": -0.07776373973468109,
  "fee_bps": 10.0,
  "slippage_bps": 5.0
}