{
  "bars": 2000,
  "trades": 4,
  "total_return": -0.022474247773035638,
  "sharpe": -1.194905503286242,
  "max_drawdown": -0.052222342527666554,
  "fee_bps": 10.0,
  "slippage_bps": 5.0
}