{
  "bars": 2000,
  "trades": 6,
  "total_return": 0.04890805727375325,
  "sharpe": 2.2428840482718315,
  "max_drawdown": -0.03428571428571414,
  "fee_bps": 5.0,
  "slippage_bps": 0.0
}