{
  "bars": 2000,
  "trades": 8,
  "total_return": -0.0187030924641427,
  "sharpe": -0.3293314513288328,
  "max_drawdown": -0.1132339913483893,
  "fee_bps": 5.0,
  "slippage_bps": 0.0
}