{
  "bars": 2000,
  "trades": 6,
  "total_return": 0.017222952156096927,
  "sharpe": 0.38601772347379154,
  "max_drawdown": -0.1300845946967808,
  "fee_bps": 5.0,
  "slippage_bps": 0.0
}