{
  "bars": 2000,
  "trades": 8,
  "total_return": 0.07234285370953586,
  "sharpe": 1.7680520697004607,
  "max_drawdown": -0.08725020393460847,
  "fee_bps": 10.0,
  "slippage_bps": 5.0
}