{
  "bars": 4000,
  "trades": 4,
  "total_return": -0.052826103865347585,
  "sharpe": -2.6629897717463593,
  "max_drawdown": -0.06563376044715508,
  "fee_bps": 5.0,
  "slippage_bps": 0.0
}