{
  "bars": 4000,
  "trades": 4,
  "total_return": -0.08237917557416674,
  "sharpe": -1.6863702558462244,
  "max_drawdown": -0.15557005265115098,
  "fee_bps": 10.0,
  "slippage_bps": 5.0
}