{
  "bars": 2000,
  "trades": 6,
  "total_return": 0.05508850969103096,
  "sharpe": 1.4567155797308018,
  "max_drawdown": -0.09160623328347861,
  "fee_bps": 10.0,
  "slippage_bps": 5.0
}