{
  "bars": 2000,
  "trades": 2,
  "total_return": 0.04691967310308365,
  "sharpe": 3.830218541881015,
  "max_drawdown": -0.004767580452920139,
  "fee_bps": 5.0,
  "slippage_bps": 0.0
}