{
  "bars": 2000,
  "trades": 2,
  "total_return": 0.04535187578093525,
  "sharpe": 3.7134965335469117,
  "max_drawdown": -0.004767580452920139,
  "fee_bps": 10.0,
  "slippage_bps": 5.0
}