{
  "bars": 4000,
  "trades": 8,
  "total_return": 0.12928312151302213,
  "sharpe": 1.7810459885067955,
  "max_drawdown": -0.10816096517940843,
  "fee_bps": 10.0,
  "slippage_bps": 5.0
}