{
  "bars": 2000,
  "trades": 4,
  "total_return": -0.04159388642032691,
  "sharpe": -1.7429006014100956,
  "max_drawdown": -0.07122128522378679,
  "fee_bps": 5.0,
  "slippage_bps": 0.0
}