{
  "bars": 4000,
  "trades": 8,
  "total_return": -0.1395826171273613,
  "sharpe": -3.1127678952359132,
  "max_drawdown": -0.20224326037867235,
  "fee_bps": 5.0,
  "slippage_bps": 0.0
}