{
  "bars": 2000,
  "trades": 2,
  "total_return": -0.03120498228330293,
  "sharpe": -1.2671502025661203,
  "max_drawdown": -0.07001044932079403,
  "fee_bps": 5.0,
  "slippage_bps": 0.0
}