{
  "bars": 4000,
  "trades": 2,
  "total_return": -0.05507995154452061,
  "sharpe": -3.401498428250917,
  "max_drawdown": -0.06483580885858231,
  "fee_bps": 5.0,
  "slippage_bps": 0.0
}