{
  "bars": 4000,
  "trades": 8,
  "total_return": 0.17720678799333123,
  "sharpe": 2.3861047617769415,
  "max_drawdown": -0.08335559711461393,
  "fee_bps": 10.0,
  "slippage_bps": 5.0
}