{
  "bars": 2000,
  "trades": 2,
  "total_return": 0.00013212991127997675,
  "sharpe": 0.0753485909456975,
  "max_drawdown": -0.07781212202660936,
  "fee_bps": 5.0,
  "slippage_bps": 0.0
}