{
  "bars": 2000,
  "trades": 6,
  "total_return": -0.00023960403658851437,
  "sharpe": 0.06918009839931023,
  "max_drawdown": -0.08656975436939096,
  "fee_bps": 10.0,
  "slippage_bps": 5.0
}