{
  "bars": 2000,
  "trades": 6,
  "total_return": -0.00017183961508226986,
  "sharpe": 0.06655753541931313,
  "max_drawdown": -0.07508329366968103,
  "fee_bps": 10.0,
  "slippage_bps": 5.0
}