{
  "bars": 4000,
  "trades": 8,
  "total_return": 0.2344205789382181,
  "sharpe": 1.870892772873498,
  "max_drawdown": -0.06594162132619596,
  "fee_bps": 10.0,
  "slippage_bps": 5.0
}