{
  "bars": 2000,
  "trades": 2,
  "total_return": -0.032662836514828264,
  "sharpe": -1.3265327982924193,
  "max_drawdown": -0.07001044932079392,
  "fee_bps": 10.0,
  "slippage_bps": 5.0
}