{
  "bars": 2000,
  "trades": 4,
  "total_return": -0.028421675799457535,
  "sharpe": -1.518725421649002,
  "max_drawdown": -0.0493776806111873,
  "fee_bps": 10.0,
  "slippage_bps": 5.0
}