{
  "bars": 2000,
  "trades": 2,
  "total_return": -0.0031296712065005394,
  "sharpe": -2.5354796376394333,
  "max_drawdown": -0.003659215931386295,
  "fee_bps": 10.0,
  "slippage_bps": 5.0
}