{
  "bars": 2000,
  "trades": 2,
  "total_return": -0.00018055652453574655,
  "sharpe": -0.1445607191714194,
  "max_drawdown": -0.0020336899929891405,
  "fee_bps": 0.0,
  "slippage_bps": 0.0
}