{
  "bars": 2000,
  "trades": 2,
  "total_return": -0.0016326340150816243,
  "sharpe": -1.4603282637615862,
  "max_drawdown": -0.0026613783910069966,
  "fee_bps": 5.0,
  "slippage_bps": 0.0
}