{
  "bars": 2000,
  "trades": 4,
  "total_return": 0.0030514438068196537,
  "sharpe": 0.5686023434338826,
  "max_drawdown": -0.00843231820583168,
  "fee_bps": 5.0,
  "slippage_bps": 0.0
}