{
  "bars": 13000,
  "trades": 6,
  "total_return": -0.0008495321146178014,
  "sharpe": -0.17880724261897843,
  "max_drawdown": -0.004197577362129112,
  "fee_bps": 5.0,
  "slippage_bps": 0.0
}