{
  "bars": 2000,
  "trades": 2,
  "total_return": -0.0011122161267850261,
  "sharpe": -0.08892913210288383,
  "max_drawdown": -0.012752757352941235,
  "fee_bps": 10.0,
  "slippage_bps": 5.0
}