{
  "bars": 4000,
  "trades": 18,
  "total_return": -0.016161259808274875,
  "sharpe": -0.21914084124499023,
  "max_drawdown": -0.15868864152806095,
  "fee_bps": 10.0,
  "slippage_bps": 5.0
}