{
  "bars": 2000,
  "trades": 6,
  "total_return": 0.1424899126257282,
  "sharpe": 4.4484696680942,
  "max_drawdown": -0.01908769687882017,
  "fee_bps": 5.0,
  "slippage_bps": 0.0
}