{
  "bars": 2000,
  "trades": 6,
  "total_return": 0.05390869645631269,
  "sharpe": 0.8741220799833671,
  "max_drawdown": -0.09017605160596709,
  "fee_bps": 5.0,
  "slippage_bps": 0.0
}