{
  "bars": 4000,
  "trades": 8,
  "total_return": -0.009745554603749373,
  "sharpe": -0.08156394185476619,
  "max_drawdown": -0.12733663524524708,
  "fee_bps": 10.0,
  "slippage_bps": 5.0
}