{
  "bars": 2000,
  "trades": 6,
  "total_return": 0.05292949266877178,
  "sharpe": 0.8623482825116092,
  "max_drawdown": -0.09017605160596709,
  "fee_bps": 10.0,
  "slippage_bps": 5.0
}