{
  "bars": 2000,
  "trades": 2,
  "total_return": -0.0075260579833617,
  "sharpe": -1.9424606738395815,
  "max_drawdown": -0.009165433169536996,
  "fee_bps": 10.0,
  "slippage_bps": 5.0
}