{
  "bars": 4000,
  "trades": 6,
  "total_return": -0.03986250755331244,
  "sharpe": -0.6462928520279294,
  "max_drawdown": -0.11644458079760722,
  "fee_bps": 10.0,
  "slippage_bps": 5.0
}