{
  "bars": 4000,
  "trades": 2,
  "total_return": -0.05858512077774636,
  "sharpe": -2.989707664252618,
  "max_drawdown": -0.06486852477477478,
  "fee_bps": 10.0,
  "slippage_bps": 5.0
}