{
  "bars": 4000,
  "trades": 8,
  "total_return": -0.07135459282957224,
  "sharpe": -1.4249419636069622,
  "max_drawdown": -0.14390593468639323,
  "fee_bps": 5.0,
  "slippage_bps": 0.0
}