{
  "bars": 2000,
  "trades": 10,
  "total_return": -0.026310478791472747,
  "sharpe": -0.09985872058904167,
  "max_drawdown": -0.20223595903327463,
  "fee_bps": 10.0,
  "slippage_bps": 5.0
}