{
  "bars": 2000,
  "trades": 2,
  "total_return": -0.0013619170539364012,
  "sharpe": 0.030161653106672223,
  "max_drawdown": -0.07781212202660936,
  "fee_bps": 10.0,
  "slippage_bps": 5.0
}