{
  "bars": 2000,
  "trades": 6,
  "total_return": 0.02361866634887022,
  "sharpe": 1.0021504184748768,
  "max_drawdown": -0.04892411941861963,
  "fee_bps": 5.0,
  "slippage_bps": 0.0
}