{
  "bars": 4000,
  "trades": 8,
  "total_return": -0.035221403912951255,
  "sharpe": -0.6114102901038238,
  "max_drawdown": -0.1273366352452472,
  "fee_bps": 10.0,
  "slippage_bps": 5.0
}