{
  "bars": 4000,
  "trades": 6,
  "total_return": -0.033501918949723986,
  "sharpe": -1.5366917067340196,
  "max_drawdown": -0.0639076576576576,
  "fee_bps": 10.0,
  "slippage_bps": 5.0
}