{
  "bars": 4000,
  "trades": 10,
  "total_return": 0.15131521864566055,
  "sharpe": 1.3124349973092366,
  "max_drawdown": -0.1311562186851346,
  "fee_bps": 10.0,
  "slippage_bps": 5.0
}