{
  "bars": 2000,
  "trades": 6,
  "total_return": 0.1381965549029187,
  "sharpe": 3.9592611012594463,
  "max_drawdown": -0.026331565598339712,
  "fee_bps": 10.0,
  "slippage_bps": 5.0
}